Sentimen;Text
Positif;Bener bgt kata mbak ini Keberhasilan Diet itu tergantung cara pandang dan pola pikir kita untuk Mencintai Diri kita Sendiri Saat kita Sadarberapa pentingnya diri kita
Positif;Alhamdulillah akhirnya membuahkaan hasil usaha kerasnya 
Positif;Kalau akuuuu Alhamdulillahkata orang orang yang liat badan aku
Negatif;Kemarin abis lebaran karena banyak nyemil juga berat badan aku naik sampe 59 kilo
Negatif;Diet juga selalu berhasil tp sya selalu gagal memperthnkan berat badan aq
Positif;Diet aku udh jalan kurAng lebih 10hari  Alhamdulillah dari 77kg sekian
Negatif;TB ku 163cmpas berat badanku naik jd 59KG aku sdh kebingungansoalnya biasanya BB ku 45kg48kgternyata habis sakit itu mlh bikin gemuk
Negatif;Konsisten ny lah yg susah 
Negatif;Apakah mengkonsumsi obat itu pengaruh pada berat badan Soal nya aku ko merasa berat badan ga turun2 ya padahal makan jarang ngemil apalagi
Positif;Setelah 7 bulan diet gua bisa buktiin ke orang orang bahwa gua bisa kurus yang darinya 86 sekarang 54 gua ber syukur banget
Positif;Memang diet itu harus nekad dan ikhlas hatiiii spy berhasil 
Positif;Bismillah mulai diet awal tahun 2023
Positif;Diet sebenarnya mudah atur pola mkn aj dn yg penting konsisten in syaa Alloh cpt turun dn berhasil
Positif;Setelah melahirkan bb ku stuck di 70 kg pengen jadi 55 semoga bisa 
Negatif;Dulu pas habis lebaran pernah bbku mencapai 59kg beneran keliatan gendut banget
Negatif;Kak aku 70 aja udah gendut amat Tinggiku 159 udah obesitas kata dokter ku Oh tuhan
Positif;Sama kyak aq tinggi 159 berat 72 Skrg lg depisit kalori alhmdllh dlm 5 hari turun 1kg
Positif;BB ku skrg 67 kg setelah pny anak smoga nanti bisa nyampai 50 kg kyk sblm menikah xixi
Positif;Sma aknjga skg 67 bulan2 minggu2 kmaren turun 2 kg tp skg udah naik lgi
Positif;Semangat diet
Negatif;Wah aku coba diet udah mungkin udah 15 tahun mungkin gagal trus turun tapi kembali lgi
Negatif;MAKAN KADANG 2X GAK SUKA NGEMIL KOK NAIK TERUS YA
Positif;terima kasih atas motivasinya mbak
Negatif;Aku bisa kurus gak sih 
Positif;4 bulan yg lalu BB saya 90kg ga nyangka skrng bisa 70kg dengan menerapkan diet defisit kalori dan olahraga 45menit setiap harirasanya ga kyk lg diet krna aku menjalaninya dengan santai
Positif;Tp hampir tiap hari makan bakwan atau mendoan tp di batasi cukup 12 biji trs minum air putih yg bnyak gtu kak buat menetralisir
Positif;Jrang bgt sih makan mkanan yg di goreng
Negatif;menu makannya di goreng bisa ka
Positif;Sangat termotivasi sekali ayo temen temen kita maafkan diri kita sendiri 
Positif;Yuk semngat diet biar sehat semangatdiet sehat bareng
Negatif;Sakit gigi cpt kuruus
Positif;Aq skrg lg berjuang diet
Positif;Saya turun 19 kg
positif;Saya dulu bb 49 kg Skrng 75kgstiap hari mkn ikan/daging nyemil mlm Suka mkn makanan yg siap saji gx suka olah raga gx suka Sayuran nyesel bngt sih skrng gx nyaman klo pke baju
Positif;Kita sama wkwk
Positif;Suka sama video ini 
Positif;Kk aku pengen sekali dietgimna caranya ya kk
Positif;Makasih kak motivasinya Aku lagi diet jadi semangat
Positif;Makasih kaa Udah jadi penyemangat
Positif;Gimana caranya kak bb aku 115 kg mlh pgn bb 53 kg gt tinggi 158 cm Diet apa kakak jalani itu
Positif;gmn caranya kak sy udah diet GK pernah berhasilskarang kok malah tambah gemuk skarang umur sy udah 45skarang berat badan sy dulu 70 puloh skarang naik 85
Positif;Bener banget tantangan terbesar salah satunya yaitu diragukan sama orang2 sekitar
Positif;Konsisten sulit buat akuliat makanan enak langsung makan
negatif;Mau cerita pa mau kasih resep
Positif;Aku 90kg masa UK baju 7L liat vt Kaka jadi ayo kita mau mulai diet
positif;Minum air putih brp liter per hari kak 
Positif;Sangat menginspirasi untuk diet sehat
Positif;Memang betul mendengarkan omongan org lain / bullying yg ada diri kita stress sendiri Inget pd jaman waktu sklh di blg gemuk di saat kuliah di bilang gembrot ada saat nya bb turun sendiri krna faktor kelelahan yg parah saat kuliah bb udah turun ttp di bully Kok kurusan skrg kaya nenek peyot Ampun capek doang dengerin omongan org yg gak berfaedah si Alhamdulillah Skrg bb stuck badan seger aja entah kurus atau gemuk yg ptg ngerasa sehat bugar jarang sakit jg
Positif;KK apakah minum air es bisa menurunkan berat badan
Positif;Masyaa Allah ini vindi temen ku sekampus Jadi inget waktu KKN sekitar tahun 2015 kalau ndak salah waktu itu vindi emang bilang kalau lagi diet Ga nyangka sekarang udah berhasil dietnya Selamat ya vindi karena udah sukses dietnya 
Positif;Langsung inti 708
Positif;Termotivasi banget sama kata2 kak vindi Semoga bisa mengembalikan lagi badan kurus normal ku seperti semula
Positif;Aku sebelum nikah BB 40 45 pas nikah udah 2 tahun BB aku 62  pengen banget diet karena mens semakin gak teratur dan bullying dari sekitar juga  minta doanya semoga bisa konsisten diet nya 
Negatif;Dia mah makannya emang byk Aku mah biasa ajporsi mknku porsi biasa sama ky org lain yg porsi normal diet sbulan no nasi
Positif;Semangat pejuang diet saya turun 19 kg dengan mudah
Positif;Pake diet apa kak
Negatif;Paling susah konsisten
Positif;Huhuhu benerr
Positif;Termotivasi banget
Positif;Kk aku sekarang diet pola makan aku kurangi olahraga juga iya tp udah 5 hari aku mulai pusing dan juga susah napas agak sesak kadang2
Negatif;Karena banyak tugas
Positif;Mbk gimana cara nya
Positif;Bismillah semoga Bisa seperti kamu Bratku 89 selalu di hina di sama2in dgn binatang dulu prnah diet thun2017 turun 65 tapi sekarang udah rakus lagi hait aku juga 2 tahun sekali
Positif;Didalam jiwa yang sehat terdapat tubuh yg kuat Tentukan dulu tujuan kalian butuh diet buat apaan sih Mau langsing atau mau sehat
Negatif;Kegiatan mu dulu adalah kegiatan ku yg skrg mba Nafsu makan yg slalu memuncak dan stlh kenyang langsung pengen rebahan ajaa Dan bener donk naik 5kg
Positif;Bener kak
Positif;Kereeen banget kakak ini
Positif;Dr BB kaka sbelum diet sampe berhasil diet itu gimna tuh ka dengan kulit kaka apa mengendor atau menggelambir ka 
Negatif;Kebanyakan ngobrol
Negatif;Saya gk makan apapun ttp endut
Negatif;Emng krasa banget sih gendutan bikin badan sakit sakit dag ga fit sampe sampe aku tiap bulan ka klinik
Positif;Waaw keren bnget sangat bermanfaat sekali trimaksih telah berbagi pengalaman dan tips nya kaka sukses selalu buat chanelnya kaka
Positif;Ka Vindy memotivasi bngetaku juga lgi berjuang mulai dri awal lagi dlu pernah diet udah sempat turun tpi gatau brapa kg pokonya sebelum diet BB ku 80 kg nah pas udah kurusan orangliat tu mukaku kyk layu dan aku ngrasa bgitu jugapdahal aku gk ngrasa lemes sama sekalitrus itu rambut ku jdi pd rontok sma kuku jari klingking ku mati Dan baliklah aku seprti dulu msih jaga pola makan tpi nyemil nya aku sering dan aku ngrasa BB ku naik lagibaju yg dulunya muat brasa agak sesakskrng BB ku 73 kg ngumpulin niatnya itu susah bnget oh iya dlu awal diet april 2020skrng mau mulai lagi gamau kyk dulu lagi
Negatif;Dietnya kurang makan protein
Positif;Nahh aku lagi diet nih kak karena aku ngrasa nggak menstruasi 4 bulan ini
Positif;Kak setelah kurus apa kah haid nya sudah lancar
Positif;Kak kasih tips agar cepat turun berat badan 
Positif;Beratku 63kg dan anakku beratnya 40kg kelas 4sd
Positif;Bismillah bb awal 807 diet 3mnggu bisa turun sekarang bb 757 semoga bisa konsisten ke 55
Positif;Persis banget kayak aku
Positif;Awal diet itu krn dokter suruh aku turunin BB supaya tulang lumbar yg retak krn di tabrak mobil bisa lekas membaik1 bulan pertama BB aku lg turun 3
Positif;Bnr bngt tuh ngmgn mba a
Positif;sangat memotivasi 
Positif;Cara diet kak vindi awak gmna Ksh tau caranya dong kak
Positif;Gua 2019 dari bb 85 kg brhasil turun ke 60 kg dan gagal diet sampe sekarang di bb 105 dan hari ini gua memutuskan untuk diet lagi
Positif;Bagi tips bisa turun dari 85 ke 60
Negatif;Kalo karena gen itu kenapa soalnya badan saya besar tapi tidakbuncit
Positif;Bb aku stuck di 76
negatif;Ngk apa di bilang penyakitan yng penting kurus daripada gemu susah mau gerak
Positif;Saya s UK ka gtu cepat lapar trus ghmna iya ngilangin nafsu makan ku biar berkurang
negatif;Mau diet tapi kok gue laper mulu klo ga makan jd pusing pala barbie
Positif;Perbanyak minum ka
negatif;Banyak bgt diet yg caranya beredar luas Diet mayo mayoritas gagal
negatif;Kak bagaimana kalau tiap hari makannya cuma 1 atau 2 tpi tetap aja gendut
Positif;Lagi proses diet nih aku semoga bisa turuunn bb aku
Negatif;Aku pcos mens g teratur
Positif;bismillah
Positif;Semangat kakak Terima kasih
Positif;Kak bagus banget ceritanya Bismillah mulai diet lagi akuu semoga turun 10kg kak BB ku sekarang 70 mau ke 60
Negatif;Kayaknya mager
Positif;Saya cuma ingin sehat gitu aja sudah
Negatif;Kini penyaket aku kolestrol tinggi tensi tinggi kadasrgula tinggi dahlah pokoknya dk nyaman di banget
Negatif;Nng umur saya memang dah tua tapi aku ingin hidup sehat umur 65 berat badan 75 tinggi aku 151 ygpaleng menyedihkan d perot tapi aku punya saket lambong kalo laper sedikit badan lemes gemetar bagai mana cara mengatasinya
Positif;Trmksh inspirasi nya
Negatif;Aku aj yg mkn cm 1x aj gendut
Positif;Keren si 
Negatif;Owalah ya ya Ngurusin badan sulit Ngegedein nya aja cepet bngt Hoalah
Positif;Alhamdulillah blum sampe sebulan ini udah turun 5 kilo dari 68 skrg 63 
Negatif;Obat pelangsingny ap ya kak
Positif;Ya Alloh pingin bisa turun BB juga
Positif;Makasih sharingnya Kakaku akan coba lagimenembus turun ke 60semangat
Positif;Keren 
Negatif;1 tahun lalu aku diet instant minum obat pelangsing
Negatif;Merk obat dietnya apa kak
Positif;Aku lgi dititik badan gak sehat bgt Menstruasi gk lancar karna hormon BB lagi naikk bgt Bismillah smga bsa sehatt
Positif;Bismillah Semoga 2023 Los 15 kg Secara sehat
Positif;Bismillah IAllah saya juga bisa
Negatif;Mungkin ga sih Bb kita bisa turun hanya dengan diet tanpa di barengi dengan olahraga
Positif;117kg ajhhh bisaa
Positif;Samaan niih spertinya mmg sy terlalu banyak mengeluh
Positif;Akutuh udh lama niat diet Cuma gajadi aja Bukannya kurang niat
Positif;Kalo aku kak hal paling terberat ketika diet itu melawan rasa malas
Positif;Mba nya cara bicaranya enak banget jadi betah dengerinnya Thanks ya sharing dan inspirasinya
Negatif;JD diet nya gmn 
Negatif;Q mkn cm 2 x tp tetep gemuk pdhl jarang ngemil tp klo puasa q cpt turunnya
Negatif;Sama banget tuh pas waktu gagal dietnya
Positif;Aku dengerinnya pake kecepatan 15 hehe
Negatif;Tantanganku paling susah adalah menahan hasrat makan mie instan dan minuman soda
Positif;Coba aja ganti cemilan dg timun atau salak Atau perbanyak timun Coba jalani itu selama 1 minggu Insya Allah seterusnya akan terbiasa
Positif;70 kurus
Negatif;Gw selalu diejek gendut 
Positif;Motivasi buat pejuang diet
Negatif;Iih bener bangeeettt suka di ledekin klo diet
Negatif;Gimna kk aku diet gk pernah turun
Positif;Semangat untuk para pejuang diet sehat
Positif;Saye baru 44 kg
Positif;Min saya pernah berusaha diet
Positif;coba makan buah dan sayur ajj
Positif;Mksih ilmunya de smoga Ade sll d beri kshatan dan tetap smangat dan sya mau nyoba diet cara ini smoga berhasil trm ksh
negatif;yg menyedihkan dr gemuk itu Pakai baju apapun ditanya lagi hamil ya 
Positif;Suka banget pesannya buat teman2 Fit Skwad
Positif;Pengen turun 10kg aja Gimn yach
Positif;Skip orang mau ngomong apa
Positif;Mantap saya pasti bisa diet
Positif;Aku kudu mewek Aku yg 70 kg mau turun ke 60 aja udah gak tahan Salut kak  aku jd mau on fire lg
Positif;Ini Kya di Vidio yt ka Yulia 
Positif;Diet karena di panggil ibu dan yg manggil bukan karyawan saya  wah udh kyk ibu2 ni
Positif;Skrang aq disuruh diet sama Dr berhub dgn lutut yg mulai sakit
Positif;Pengen 48 Kilo huhu
Positif;Kerennnnn
Positif;Jd ini caradiet nya gimana
Positif;Mantaabbb
Negatif;Aku nurunin 4 kilo aja susah
Negatif;Ibu menyusui susah bgt kak 
Positif;Aku berat 90 ka tolong kasih tau resepnya
Positif;Aku mau ah ajarin ka
Negatif;Kurus salah 
Positif;Diet itu cita ku aku belum bisa untuk diet
Positif;Saya juga pejuang diet Pertama saya pesimis dgn keberhasilan diet mengingat umur saya 54 thn Karena metabolime tubuh sdh menurun Sebelumdiet bb saya 68 kg sesudahdiet 50 kg selama 8 bln  Diet saya diet kenyang tidak menyakiti diri sendiri Hanya menghindari gula  gorengan  Dan perbanyak sayur dan buah Saya rutin olga  melihat olga pada SKWAD FITNESS Thanks Skwad fitness Tidakada yg tidak mungkin asal konsisten Diet adalah salah satu menyayangi diri sendiri sehingga sehat bonusny ramping sehingga percaya diri
Positif;Kehidupan sosial tidak pernah lupurt dari bullying Lebih baik bersikap bodo amat
Positif;bismilah
Positif;Wih Kerreeen jauh bgt brubahnya Jd kliatan lbh cantik gak ky sapi glonggongan lg  mgkn kalimat ini sarkas tp bg yg sdh berhasil turun pasti ngetawain diri sendiri iya yah dulu bentuknya ky blepet2 sapi
Negatif;Tantangan berat yg ku hadapi buat diet adalah ketika aku mulai diet tiba2 ibu ku mendadak jadi chef propesional dgn memasak makanan yg enak2
Positif;Hahahah bener banget
Negatif;Susahnyatu klw dah di pertengahan jalan 
Positif;Fokus dengan cara ngomongnya
Negatif;temen aku ada yg menstruasi nya terganggu katanya gara hormon terganggu karena stress tapi menurut aku dia obesitas
Negatif;Ngemeng muluuuu
Positif;BB ku sih 48 ingin turun 40
Positif;Konsisten itulah intinya
Negatif;Sya uda coba ngurang mkan dan nyemil tetap aja gemuk
Positif;Kalau berat 54 kg itu normal gak dg tinggi 156 cm
Positif;BB ideal TB110 =156110=46 kg
Positif;rahasia nya apa hrus makan tepung
Positif;Betul bgt
Positif;diet itu aslinya tetep bisa makan enak loh kita selama ini miskonsepsi soal diet coba deh baca bukunya kak Yulia Baltschun aku berhasil turun 10kg karena buku itu
Positif;Ngucapin diet itu gampang bgt yg susah itu ngejalanin nya
Negatif;Ini bukan cara tapi cerita min
Positif;Good
Positif;Semangat terus
Negatif;Didengar kan kok banyak omong jadi nggak sabar
Positif;Ya allah aq penggen kurus 
Negatif;Aduuuh mbk kelamaaaaaan ceritanya
Negatif;Seperti dietx Herbalife
negatif;Bertele tele langsung solusi diet mbak
Positif;Goodluck
Positif;Coba baca buku i hate diet kak bukunya ngejelasin cara diet tanpa menderita Aku jg turun bbnya karena buku itu semoga membantu ya kak infonya
Positif;Mantab
Positif;Semangat mbakaku jg 79 ini mulai olahraga biar agak kurusan
Positif;dia diet 8 tahun sabar bgt Gw bru sbulan BB msh sama udh ngeluuhh congrats mbak nyaaaaa Kerenbgt Smgaaku jga bsa
Negatif;Omong ya terlalu banyak
Negatif;Kakea omong
Positif;Saamaaaa aku jg baru duabulan masi turun sekilo udh kyk kudu nyerah
Positif;Sebelum melahirkan saya 50Kg Setelah melahirkan sekarang 60kg Tapi berasa gemuk banget sampai dibilang tambah memel Tapi itu tidak buat aku bahagia aku pengen ke Bb idealku dulu tapi aku masih menyusui kalau makannya di atur Taku gak happy trus setress huhuhu
Negatif;Apakah boleh makan bon cabe saat diet 
Positif;Masyaallah 
Positif;Kak kalo Deri gemuk jd agak kurus ada gelambir gak kulitnya Please jawabannya
Positif;Poh badan seperti panda bisa kecil juga
Positif;Terima kasih kerana kata2 kamu memberi semangat
Positif;Saya lg berproses tapi bukan tujuan utamanya diet atau pgn kurus itu bonus aja buat saya Tp sya fokus pd ke kesehatan aja biar fisik ada kekuatan juga gak gampang ambruk badannya awalnya BB sya 77kg krn sakit di bulan puasa kmarin BB sya jd 70kg Bulan juni 2021 sya mulai ikutan nge gym Juli off krn pandemi lg meningkat jd gak pergi nge gym slm 1 bulan Dan bulan agustus ini sya lanjut nge gym lg krn kondisi sdh di rasa aman tp ttp prokes  dan skrg BB sya 68kg Soal makan
Positif;Semangat teman
Positif;Terimakasih kak
Positif;Terima kasih kak jd s3mangat lg ni
Positif;Bismillah yuk kita bisa diet sehat
Positif;1 bulan berhasil turunin 10 kg
Positif;Terus caranya gimana
Negatif;Minum pa mbc
Positif;saya work out juga kak
Positif;semoga akhir tahun size baju ku dah bisa S aamiin
Positif;harus konsistens selalu n tutup kuping selalusemogo bisa sehat n bonus kurus segeraamiin
Positif;Aku juga motivasi diet selain biar langsing juga karena bully Bullying dari rumah sendiri itu sakit  padahal BB ku gak sampai 65 
Positif;70kg mau turun 50
Positif;Cuma mau Cerita Dikit Setahun yg lalu aku nekat Diet Ketat dgn Stop Semua Makanan/Minuman Manis dan Segala Gorengan dan Makan Hanya 1 Kali Saat Siang hari sajasisanya Minum Air Putihq lakuin itu karna kesel
Negatif;Rutin Olga ini yg susah 
Positif;AQ mau Kay badan kak
Negatif;Kamu bukannya belum good looking tapi belum ideal aja BB nya
Negatif;Bb aku 63 pengen 50kg turunin 13kg susahhhhh
Positif;SEmoga Saya Bisa seperti kamu 
Positif;Kak gimana caranya diet
Positif;Yuk ah bund boleh komen/tanya progressnya
Negatif;1 bulan 10kg turun Itu bunuh diri namanya
Negatif;Kenapa q gagal diet terusssss
Positif;Kerenn
Positif;Aku jg lg diet no karbo nih kak udh 5hari turun 2kg olahraga setiap hari 15mnt ikutin ka ULI SKWAD FITNES alhamdulilah sedikit demi sedikit mudh2an bs terkikis lemak jahat diperut
Positif;Sekarang dah turun berapa ka
Positif;Atur pola mkannnya gimn kak
Negatif;Aku maka kadang sekali sehari olah raga di rumah tiap sore ikutin apk tapi gk turun 2 BB nya 
Negatif;Masih muda gendut sering dikira dah Ibu ibu
Positif;Bb  55/56 kg tb  148 cm bb ideal  48/50 doain ya gais semoga aku bisa mencapai bb ideal aku
Positif;BB 62kg Tb 155cm Bb ideal 50/55 Smoga bisa balik lagi kaya awak mau nikah 50kg
Positif;Bb52 Tb152 Bb idola45 Hayuk lh semangat barengan
Positif;Ini seangkatan ku dulu pas kuliah memang bener2 berubah bgtzzzz
Positif;Sukses motivasi buat orang  yang sdang brjuang untuk mnrunkan berat badan
Positif;Thanks ka atas vidionya memotivasi diri sendiri untuk lebih berjuang lg
Positif;thank u SKWADthank u mbak Tia
Positif;7 bln lalu aku nonton ini aku start diet dr bb ku hampir 100kg malah prnh 115 kg wkt awal kuliah Skrg Alhamdulillah bb ku 71 kg Target msh 10kgan lagi laah  Bismillah
Positif;Trs olahraga nya apa ajaa
Positif;Tips diet nya dong kak
Negatif;Cepet to mbk omong terus langsung aja
Positif;2019  110kg 2020  104kg 2021  93kg masih usaha dari Febuari doain gaes
Positif;Yok bisa yok
Positif;73 pengen ke 55_60 hiksss
Negatif;yg buat contoh bkn kamu
Positif;Yokkk diet 
Positif;hallo kk vindi Masya Allah udah berhasil diet nya makasih banyak ya mbak aku juga lagi berjuang ni mbak dulu beratku 98 mbak dan akhir setelah perjuangan kecil ini berhasil turun 85 sekarang dan aku masih akan tetap berjuang di stak 65 setidak nya mbak doakan aku ya mbak supaya konsis sama diet ini dan melakukan nya karena cinta sama kesehatan dan tubuh bukan karena niat yg TDK baik makasih ya mbak apa yg mbak sampaikan benar benar itu pula yg aku rasakan dan buat emban semoga Allah lancarkan semua kegiatan emban buat embak sukses selalu dunia akhirat  salam kenal dan salam sayang aku mbak Salma dari padang
Positif;Motivasi banget Saya juga LG diet kalori Baru 2 pekan ini dibadan enak Seger G gampang capek Semangat teman2 yang lagi diet sehat
Negatif;Mbak aku dri kecil emng dh gemuk gtu smpek skrg heheheapakah bisa kurussoalnya aku udh sllu coba diet tapi gkprnh brhsil
Positif;Avv y Allah kak pingin bgtt kyk Kaka avv
Positif;Gini ya aku tuh badanya aja kecil tapi pinggul paha sma pantat kok bsa besar gtu Cara ngecelinya gimana sikasih saran gih plis
Positif;Kuncinya cuma satu Niat dan bersabar semua akan indah pada waktunya
Positif;Smngat smunya
Positif;brp lamawaktu yg di butuh kan
Positif;3 tahunan tapi Bisa 6 bulan sudah kurus
Positif;Gw yg 50 pgn 45
Positif;Kalau gak salah ini kaka yg tampil di yputobe kak yulia baltschun
Positif;sangat termotivasi
Positif;Sy butuh orang seperti kakak di sekitar saya
Positif;Kepingin kurus
Positif;Aku bb 70 tb 163 tapi udhh ngerasaa ini gg bisa di biarin 
Negatif;Iya nih saya juga sudah melakukan berbagai macam cara tapi yg ada bbku malah tambah naik
Positif;Puasa   work out guys terbaik
Positif;Makannya di atur ka
Positif;Puasa nya gimana ka
Positif;Sama aku juga 70 mens sih cuma seuprit itu pun sakit keluarnya Yuk diet sehat olahraga juga biar mens nya lancar dan sehat juga
Positif;Semangat yaa pejuang diet
Positif;Aduhh sama banget ceritanyaa Love deh
Positif;Aku juga pengen kurus dengan cepatcapek di bully truss d bilang gendut smoga vidio ini bisa membantu
Positif;Tunjukan dan buktikan kepada yang ngebully mbakklo mbak konsisten pasti akan berhasil ayoh semangat aku kasih mbak support
Positif;bagus
Positif;Diet itu sehat karna dlu aku suka sakit kpla sblh dan keringat yg berlebih 2an saat hbs mkn aplg brktftas omggstlh diet santai gprng slot kpla lg da ga brkbh keringatnya
Positif;tinggi ya ka pasti na dengan berat sblm na dan turun dgn berat yg di miliki oleh tinggi badan 150cm itu sdh jadi doraemon
Positif;Aku juga sekrang LG diet semoga berhasil yaawlloh aminnn
Positif;Semoga ber hasil 
Positif;Kok samaan sama mbak Yulia
Positif;ini yg d chanelnya kakyulia itu y
Positif;Goodinspirasi banget mba
Positif;Mbak sblum nya maaf ya mw tnya klo turun bnyak gitu  Kulit perut nya pasti ngelambir2 jdi d apain tuh
Positif;Ka mau turun BB
Positif;Setuju mbak Saya januari 2019 bb ku 75 Kg Dan sekarang april 2021 58 Kg Puji Tuhan BB saya stabil gk pernah naim tapi turun segari demi segaris Intinya paham diet itu apakosisten  tdk memaksa tubuh kita stress hanya krn mau instans tpi ttp jaga nutrisi badan seperti protein
Negatif;Kulitnya gelambir ya pastinya
Negatif;Aku juga ukuran baju nyiksaaa bgt ga dpt yg pas
Positif;Alhamdulillah saya dari bb 89 skrg 72 semangat pejuang size xs hehehhe
Positif;Butuh brp waktu kk
Positif;Luar biasa motivasinya Jadi semangat
Negatif;aku juga susah bgt mau diet  
Positif;Rahasia nya apa mb
Positif;kenapa ya orang gemuk selalu di bully apa untungnya utk para pembully apa mereka bangga bisa jatuhin mental orang lain ada yg tau jawabannya gak
Positif;Mau tu dek kaka juga gemuk mau nurunin berat badan
Positif;Katakata yang paling bener adalah dan nendang banget adalah “jangan sekalisekali kalian berdiet sebelum kalian memaafkan diri kalian sendiri” Sayangin dirimu
Positif;Aq pejuang diet dh berbagai mcm diet d lakuin dan skrg lg jalanin diet puasa 16 jam alhamdulillah brasa bgt turun ny 3haro turun 1 kilo tp aq emg dh gk mkn nasi 4thn mpe skrg
Positif;Hanya mkn sayur dan ikan ny j say
Positif;Alhamdulilah semenjak 9 maret aku niat diet langsung subscribe chanel ini Utk aktivati pagi sblm kerja skrng udh turun 2kgsemoga bisa semangat terus smpe lost 10kg
Positif;Tipsnya mba
Positif;semangat kaak 
Negatif;Sy BB 70 tp pengen ke BB 55 tp sush banget turunx
Positif;Aku dari 74 turun ke 68 selama seminggu  yuk bisa yuk pejuang glow up
Positif;Mama ku sangat ngedukung aku untuk diet alhamdulillah punya yang mendukung  terharu banget ya allah
Positif;Makasih y mbak semangat buat pejuang diett
Positif;Saya ikut ngedukung biar mbak tmbah semangat
Positif;Doakan aku ya supaya bisa langsing dan sehat aamiin ya allah
;Mau tanya kak stlh diet siklus mens nya sdh lancar blm kak
;Thank u bgt buat skwad fitnes banyak belajar dari sini and workout nya juga asik walaupan berat
;Aduh ngomongnya sopan banget
;jadilah diri sendiri tanpa harus mendengar kata buruk dari org lain brat aku 65 doain tahun ini bisa 50 aamiin
;MasyaAlloh semoga bsa mengikuti jejak kak vindi sehat selalu ya kak
;Semua kata2nya memotivasi 
;Bismillah mulai lagi diet bb 54 ke 50 dulu 
;Memotivasi banget aku baru mulai diet rutin olahraga sebulan ini
;merah
;Defisit kalori cpt bangt tau smngt ya aku tiga bln turun 7 kg gr gr defisit kalori urg stop nasi smpe skrg
;ya allah moga ini smpe hari raya ini aku langsing kurus biar gk malu lgi kalo main sma teman aminn ya allahh hiduppp pejuang diettt
;Mbak gimana Berhasil
;Aamiin sist doakan aku juga ya supaya bisa langsing dan sehat aamiin
;Kalau gw sih kalau mau diet susah bangett dari segi keluarga huftt kek mereka nggak pernah mau mendukung gitu pasti kek halah diet2 nanti sakit nyusahin orang tua lagi huftt padahal gue dah niat anjirr
;Wah itu sih yang memang bikin susah TAPI Jangan nyerah gitu aja Ayo buktikan ke mereka klo kmu bisa
;Mantap ka
;Gue dari kecil kurus sampe klk smp kls 9 pas libur mau masuk sma tahun 2019 bb gue naik dari 42 sampe 55 awalnya biasa saja tpi lama lama bb gue sampe 60 dan akhirnya gue ingin seperti dlu lagi
;Aku juga begitu
;Banyak ngmong kasih solusi ap curhat 
;7x mkan dlm shariq aj 3x shari it perut dah buncit bgtllu q gnti 1x mkan nasi
;Baru nemu nih channel bagus banget Btw aku sebulan turun 5kg
;Yes  mulai besok pg bljar diet
;Ini yg di tiktok itu bukan ya
;Aku 75 kg terberat ini  karena work from home
;Bismillahirrahmanirrahim mulai tgl 19 February 2021 udah ikutan diet defisit kalori
;Halo mba
;Hebat mb sy mo coba 
;Wooow bener2 harus dicoba niat ada banget inj
;Sangat memotivasi kak sumpahh Skrg aku dah berhenti mens juga karena kegemukan Btw akujuga pernah gagal diet jadi makan terus hem
;Happy banget gw ketemu channel ini senamnya juga bikin happy
;Yesss lanjutin ya kak
;Go girl
;memotivasi bgt ka Vindhy makasih yaa D 
;Alhamdulillah q mulai diet pada berat badan 60 Dan sekarang kurang lebih 3 minggu dah di 57 target pertama 55kg Dan setelaah nya mau target ke bb ideal 48  bismillah hayooo semua yg diet semangat 
;Makan makanan apa aja kak Dan olahraga nya apa
;Skwad wawancara saya dong kalo nanti kurus hahahah
;Kak vindi mau tanya 
;Bagus semua kak
;Bismillah 
;Aku lg pelan2 ngrubah pola makan biar lebih sehat lagi 10 harian berkurang 2 kg Mash bisa makan enak Menu2 makan aku liat di channel nya mak Lin Official
;Bb ku 70 biasanya aku diet puasa tp mmg kurus
;Aq turun 19 kilo hanye 2 bulansarapan kopi tanpe Gule malam sebelum tidur minum air rebusanlimau nipis
;awwl sy diet g oernh berhasil ehhh swamiku selingkuh dn si plakor it ngomong aku gembroot dll maki2 aku dr situ aku semangat olga dn diet tdinya 85 kilo skrg 70 dlm wkt 1 bln bulan januari 2021
;Mbaaa semangat yaotw glowup semoga makinn cantik
;Banyakngecaprak lu orang nungguincaprakkurangi exzennya
;Ini yg di tiktok itu kan
;Makasih mbaak Aku jadi termotivasi untuk mengembalikan tubuh seperti sebelum melahirkan Sekarang habis lahiran BB 58kg  2021 kembali ke 45kg 
;Tipsnya apa
;berat badanku 70kg target mau 50kg semogaa bisaaa aminn
;Amin  Bbq 64 targt pengn 55kg
;Ak juga 70 ini lg diet mkan2 yg rebus2
;AMIIINNN 
;Menit keep 429 bener2 jadi Alesan knapa kadang gak konsisten sma diet sii
;Aku skr ganti intermittent fasting soalnya kl defkal salah hitung kayaknya dan capek nimbangin makanan mulu tiap mau makan Skr yg penting hindari tepung2an
;kak intermittent fasting tuh apa ya
;Kak kalau gen keluarga aku gendut itu bisa ngak kita buat kurus
;Orang kurus mau ke gendut Orang gendut mau ke kurus 
;Kalo pake rok atau apa mesti dibilang hamil ya
;Cara ngitung kalorinya itu pake aplikasi di hp atau gimana yaa Ada yang tau 
;Ada aplikasinya D
;Semoga bisa lost bb ku spt kak vindy Aku sedih bgt jd korban buli terus terusan 
;MasyaAllah terimakasih 
;Semangat dong diet dan olah raga nyatunjukan pada mereka yang ngebully mbak Mbak pasti bisa kunci nya konsisten keep strong down let them take you down
;Samasaam kak harison
;Aku masih ga paham caranya defisit kalori Cara hitung makanan nya gimana
;Cari aja di google TDEE kalkulator
;Kok aq terharu ya berkaca2 hehe
;10 Jan 2021 berat 134kg 10 may 2021 harus 104 kg Jadi bagi yg baca komen saya di tanggal 10 may nanti
;Target ny di tinggi km LG kak
;Dulu 2007 lulus SMA berat 106 Gara2 dibacotin  lulus SMA segini Kuliah berapa Entar nikah brp  Satu lagi pengen punya pacar lari sianglah Beli jaket parasut Dan nge gym setahun Jadi 75 Kg Bener2 Bullying emang sakit Tapi kalau jadi motivasi Jadi dampak yg positif 
;Sekarang bb ku 75 kg Dulu waktu bb ku masih 65 kg an
;Pake apa Bu bisa turun berat badan kasih tau dong tolong aku 80
;Diet DEBM aja bun
;Keren ihh mba nya 
;Kepingin turun 10kg aja seperti mimpi Ga kesampaian
;saya alhamdulilah 7 bln trun 13 kg
;Apa cuma ak ya saat aku ingat aku diet aku diet berat badanku malah nambah dan segitu aja Tapi kalo aku ga mikir lagi diet dan aku makan apapun keinginanku berat badan malah nurun dan ada yang bilang kurusan Pas diet lagi karena lagi senang dibilang kurusan dan ngatur makan dietku lagi berat badan nambah 
;Lah sama kak
;Pingin banget turun 30kg bb dari 85 ke 55
;Diet untuk sehat semangat pejuang diet
;Awal 79 tb 150 alhamdulillahskrng 60 kgbuncit di perut susah ngecilin
;Wah samaan tp aku blm turun huhu kira pola makannya gmna kak
;Mksh kakya sayangi diri sendiri 
;Halo kak mimah
;2021 gua bakal mulai diet
;Mksh kaa
;Halo kak tika
;Bagi yang mau turun / naik berat badan 
;Ini bukannya mbak yang dari tulungagung jatim itu ya
;Sebenarnya bukan berapa kali makan
;Msa 6th gk menstruasi Salah mgkn Barangkali yg bentar 6th menstruasi gk teratur
;memang bisa kok
;Waaohebat
;8tahun katanya ka
;Gk pernah diet sdah kurus
;Semangat pejuang diet bb stag 58 kg pengen 50 kg sulit banget
;Saya minum pil KB dan BB saya skrg 90kg terkadang terasa sesak nafas dan gak nyaman Apa bisa saya nurunin BB saya sementara saya minum pil KB  Mohon di jawab butuh bantuan
;Bener² yaa gemuknya KB tu bikin nyesekk  Saya KB inplan 6bulan BB naik ±30kg an huhuhu Dari BB 50kg sampe 80kg lebih mentok di 91kghuhuhu Skrang progam diet 2bulan BB diangka 82kg masih banyak pr nya
;Mbaaa ada no wa yang bisa di hubungi ngakk
;Harus rajin olah ragakarena yg membakar lemak itu dengan cara olah ragajaga pola makansaya usia 41 tahun klw ga olah raga badan cepet naiknyatapi dengan olah raga alhamdulillah diet berhasilsekarang mau mulai diet lagi sehabis keguguran diusia 4 bulan badan jadi melarsemangaaattt olah raga
;Dulu BB saya 84 Sekarang BB70kg alhmdulillah diet yang lancar hampir 2bln saya mau target BB nya 51 doain saya gasy supaya tercapai targetnya aminn
;Bukan Masalah doa itu pola makan life style di jaga
;Aku 75 doaiin ya smoga berhasil 
;Semangat teman2 pejuang diet tetap konsisten  berharap 2021 BB bisa 72 sekarang BB 76 tahun lalu BB awal diet 117 kg
;kaloo aku kaa pernahh diett teross tiba2 males aja gituu trss ga jadii lagii pas ituu udahh turun 3kg dan gagall lagi karnaa malesss
;Semangat yuk sama sama berjuang buat turunin berat badan 
;Terkadang diet itu menemukan titik jenuhnyaudah diet olah rag tapi badan masih tetep gak turun2 itu yang bikin stres Dan batal diet
;Betul Mba
;Knp sih orang yg dr gemuk terys ke kurus masih di cela jg
;8 tahun omaigad
;Termotivasi kak
;Tpi emang klo kegendutan itu g baik dan kekurusan jg g baik Memang hrus yg sedang dan ideal biar sehat Aku jg bakalan diet hbis lahiran Semangat Jgn sembunyi dibalik kata pede Krn aku pernah liat ig yg gendut banget cew tpi jdi kurus krn ingin sehat Motivasi banget
;Sama mbaaq jg diet karena untuk sehat Kalau dengerin komentar orangalhamdulillahcuek Terakhir pas ktmu udh langsingmlh nanya
;Kereennnn mb 
;Sambil nonton ini Sy juga olah raga
;Namanya mirip saya
;Sempet ga kepikiran ama bdan
;Gimana caranya
;terima kasih motivasi nya kak Vindi aku jadi makin semangat utk turunin BB 15kg lagi 
;pas ngeliat dokumentasi olahraga kak Vindi dari BB masih berat banget sampr BB 70 itu aku nyesel kenapa ga kayak gitu juga  jadi orang2 ngira aku turun BB karna skip makan doang padahal mereka ga tau seberapa berat perjuangan aku utk turunin BB dari 78 ke 64 
;kereen sekali mbk
;Harus makan hati kalau mau kecil badan mah
;Sumpahh kasih motivasi bgt
;Menetes air mata ku Gk bisa plng kmpung krna badan Gemuk jdi malu
;Nasib yg sama ya mba
;Kk mwu tany aturan mkanny jam berapa ja ya kk
;Gue umur 27 tinggi 153 BB 67 tiap hari di bully gendat gendut mulu Ama tetangga sebenarnya gue gedek kalo suka di katain gendat gendut mulu
;yuk sis buat motivasi lbh semgt lagi utuk berubah dith 2021 tunjukan klo semua pasti akan berubah
;Astaga aku yang makan 1 kali dalam sehari  tapi gw gendut 
;Kurus atau gemuk bkan krna faktor makan nasi brp kali sehari Tpi ngemil
;Masih nyemil gk kak 
;Aku telat haid 2 bulan ke dokter kandungan disarankan diet karena BB 72 tinggi 150  harus semangat nih kayak mba nya  thanks
;Bs jadi pcos mbaakk mba jd harus aware sama BB
;Kamu memotivasi ku sekali
;Alhamdulillah aku selama 2 bulan rutin olahraga turun dari 88 kg
;Olahrga apa kak
;Aku tinggi 148 berat 58
;Pingin diet LG
;Aq pingin diet LG 
;Klo gemuk krn KB/hormon gimna 
;Ya gmna itu sama ky aku
;ini yg di tiktok itu mashaAllah 
;Beruntung aku emg gak suka nasi putih n minuman manis Tapi tetep jd gendut krn gak pernah olahraga 
;Sy juga gak suka byk minum manis n byk makan nasi putih Sehari makan nasi putih 2x saja tp ttp bb naik trs Klo ngemil apa ja masuk 
;Masya ALLAHmbake semangat ikhtiarnya 
;aku kepingin diet tapi gagal terus
;Semangat Kurus  
;Mksudnya diet mayo itu gmn ya bun
;Pen banget turun ke 6070 kg
;Coba ganti sarapan pagi  makan malamnya dengan nutrisi sehat kak
;Mbak kipin jd modelnya 
;Aku juga pengen diet kak
;Iyha sih pas org liat kita sambil kaya mbatin oo diet Masa sih ga keliatan bedanya sakiiiiiit bgt
;Bner bgt Jleb y
;Iyaa kayak langsung nyelekit hati
;Menikah 59kg stelah itu skrg 67kg dn lagi diet rendah lemak gulakarbo  bismillah semoga tutun mnjadi bb ideal
;Okesmg bb kt bisa menju ideal 
;Wah sm bb kt skrg  sblm nikah bb sy 5254kg skrg stuck di 6768 Sempat turun k 63kg trs byk ngemil akhirnya berthan di 67 lg
;q baru mau nyobak diet ni kakkarna bb dah naik bnyk banget
;ehhhh ada mb vindiyeeyyyyy
;Semangatt yang lagi turunin berat badan
;Alhamdulillah aku udah turun 15kg dalam 5 bulan Walau kyknya lambat
;Sama banget sprti diet yg sya lakukn sekrang Bb 73 kg Sekrng 62 kg Target 55 Krna tB sy 165
;Bener banget mbak
;Kakdulu aku 4 bln turun 20 kgtrs khilaf ni naik lg 10 kgnyesel bgt rasanya
;Samadalam 3 bulan kemarin saya turun hampir 4 kgdr berat saya 86trus mungkin karna terlalu maksain sampe jatuh sakitkebetulan saya punya gejala magh dan asam lambungjadi sakit hampir 2 Minggu dan karna ga bisa makan muntah terus selama sakit saya lost hampir 2 kgsekarang Alhamdulillah Uda sehatjadi lanjut diet lagitapi ga terlalu maksaain lagisaya makan pagi antara jam 8 keatastrus jam 12 makan lagi nasi dikurangin tambah banyak sayur tapi Masi makan biasa ga kayak menu2 sehat gtumakan biasa hanya dikuranginktrus jam 5 saya berhenti makancuman minum ajasampe besok lagiuntuk olah raga nya saya tiap hari jalan pagi   1 jam gula sama gorenga Masi makan tapi jarang Jujur serba salah karna disatu sisi pengen kurus sehattapi di sisi lain ada resiko kalo harus diet ketat  versi sayahehehetapi semoga kedepan makin semangat buat turunin berat badansalam sehat buat semuasemangaaaat
;Luar biasa lhoo mba ini mashaallah
;Saya juga haid ga tratur dari gadis karna bm ngerti jsi cuek aja karna gatau bs brakibat bruk  pas uda nikah sampe setaun blm d kasi keturunan  ternyata ya haid gatratur bkin kurang subur  sampe skrg 6th blm hamil juga  karna sering mkn ga sehat ga pnh olahraga dan bb trus naik
;Pcos kak
;Kak Kalau untuk yg sedang haid
;Coba nntn youtube nya yulia baltschun sis Kalo menurut dia
;Sebelum nikah bb q 45
;Sblum nikah 50 stelah nikah punya anak 1 70kg
;SEMANGAT SEMUANYA TUBUH YANG BAIK ADALAH TUBUH YANG SEHAT ATUR POLA MAKAN YANG SEHAT MAKA TUBUH IDEAL JUGA BAKALAN NGEHAMPIRIN 
;Mbak e mirip ama bu tedjo solutip hehehe
;Bener banget  saya pernah macem2 diet tp hasilnya turun naik malah kebanyakan naiknya malah drastis banget  sekarang aku diet defisit kalori yg buat aku enjoy karena selain turun BB tapi sehatnya jg dapet  alhamdulillah 2 bulan udah turun 8 kg baju udah pada longgaran
;Halo kk falisya
;Terimakasih sudah berbagi kak
;Halo kak herni
;Masya allah kak terimakasih bgt 
;Halo kak emawati
;Aku diet dari 17April sampe sekarang baru turun 22kg 
;Brapa bulan 22 kilo kakbagi tips ya
;Tips ny dong kk
;Halo kak yuliana
;Saya anak sekolah menengah tbku 165 Dulu sempet pertama masuk SMP bb 80kg sekelas aku sendirian yg gemuk dan jadi korban bullying juga Dan dulu pun aku ngga peduli apa kata orang dan pola makan melebihi porsi aku sendiri Tapi semenjak aku pengen glow up dan insecure akan foto temen yg bagus dan memutuskan diet serta olahraga emang berat sih ampe nyerah juga tapi aku inget bully an temen dan kuncinya konsisten Aku jalanin ini selama ±6bln And finally skrng mau SMA dan bb aku udah 67kg Pengen kurusin lagi krn stabil 64 hehe Semangat temen seperjuangan aku tau ini berat tapi usaha ngga menghianati hasil kok INTINYA KONSISTEN FIGHTING
;Saya mah badan besar tapi banyak yang puji kalo temen bagus badannya kayak tentara soalnya sekolah di penerbangan cuman insecurenya pas lagi ke toko atau kemana banyak yang bilang ke saya bapak padahal umur masih 15 
;memotivasi banget kak vindi semoga perjuanganku ga sia sia
;Allhamdulillah
;Akuuuuu Tapi semenjak minum detoxtea jd galaper gitu Trs BB nya turunnnn hihihi
;akuuu udah turun 5kg gess
;Ka gimna nahanin nya supaya berhasil
;Halo kak dinda
;Sebelum nikah 70kg tinggi 160cm Setelah punya anak 2
;lancar
;mba dirmu dulu bb 80 tb 160 haid lancarkah
;Ayo semangat temendulu saya juga sering di omongin tetangga karna Mash kecil badan saya udh kek ibutapi Alhamdulillah sekarang udh dewasa berat badan ku idealaku gak diet yang berat cuman ngurangin porsi makan ajah Alhamdulillah berat badan ku turunsing penting niat serta konsisten ajh yh semangat
;Samaaaa
;Makasih kk buat motivasinya 
;Halo kak rut
;Km gedut bgt skrngdiet donggendut kan nga sehtKdang kata itu terucap dr orng terdekat kitasadis bgt itubru kmrn gue alami hal itu
;Sama aq jùga d bilang sama sodara sendiri kmu gemuk amat awas lo nanti kalo gemuk gitu suami kmu gk suka lagi terus d banding sama org lain itu kesel banget d bilang gitu
;Banyak org blg udah nikah makin gemuk
;Yuk kita jadikan motivasi walau pasti sakit hati
;Iyaa bener bgt kakkemarin suami aq yang ngomong gitu
;pengen Turun BB skrg bb ku 92
;Semangat mbaAQ jg lagi diet neh cos berat dah nyampe 90kgdah kayak bola bgt bnr2 ga pede Lok ketemu org
;goal kita bersama 3
;duhhh
;Siapa tahuu nanti kesini lagi pas udah ideall
;mb vindkipinpanutanqueee
;pingin kurus tp yang ga ribet gimana ya
;Sedot lemak
;Klau kita punya ganguan di lambung ap bisa kita diet dan gmn cr y agar diet kita berhasil apa aja makanan yg baik buat diet
;Kurangin makanan manis manis dan minuman manis ka
;Sumpah aku di bully lebih parah dari itu bahkan sampai bikin nangis aku dah nurunin bb 3kg/bulan menurutku itu udah bagus bgt dan itu luar biasa susah tapi masih da yg nyeletuk ngomong ke akuDiet itu sebulan turun minimal 10kg bukan 3kg/bulankamu itu gk berhasilbla bla bla Ya Allah kadang aku mikir aku gk pingin makan sama sekali jadinya nyesek karena yg ngomong begitu masih keluargaaku jadi malas kalau da kumpul2 keluarga lagidulu aku sampe pernah muntahin apa yang aku kunyahalhamdulillah aku masih ada sampe sekarang
;Gk usah pedulikan omongan org dek semangat ingt kita diet buat sehtlangsing nilai plusnya aja 
;Kayak aku dulu BB 93 aku berhasil nurunin BB jadi 75 sekarang pokus ke hidup sehat aja sih gak ngejar lagi yg namanya ideal 
;tepung
;pola makannya gmn mbaa klo boleh tau
;Ngena banget kata2 nya bikin jd termotivasi banget Makasihhhhhh 
;Halo kak dian
;Yukkk semangattt kitaa
;Ngikutin senam yg ada di skwad fitnes dari 80 allhamdulillah jadi 68 tapi sekarang naik lagi jadi 70 semangat huhu
;Halo kak mistiati
;MBk e sekota sama aku iniiii ahh MBk findyy
;BB ku 75 kg sebaik ya melakukan olahraga yg baik tu pagi atau sore hari
;Olahraga paling baik pagi hari mba Hehe bantu jwb
;Aku banget dulu jam 12 malem masih makan berat
;Atur makan aja kak
;Semangat kaka
;Klo saya ketahuan suami selingkuh turun berat badanya 5 kg dlm seminggudari 70 kg ke 65 kg
;Gk bisa bayangin makan sampai 7x
;DietMencintai Diri Sendiri
;Saya ngalamin deh Waktu maret 2020 masih berat 85kg di katain kpn kurus Badan kyk mak2 pnya anak 3 pdhal blm ada anak di katain badan hordeng lah Mulai jogging aerobik di bulan april November ini udah ke berat 55kg Ktmu lg sm mrka eh di puji dlu abs itu di jatuhin trllu kurus lah atau minum obat diet apa ga mgkn ga mnum obat diet klo cma olhrga doang Lah saya aja pnya asam lambung gmn mau mnum obt2 plangsing Saya iya2in aja deh cape klo dgrin omongan org  smangat pejuang diet Saya dari 85kg dam skrg udh 55kg Mudah2an bisa ke 50kg
;Pola mknx gmn kk
;Aamiin
;Tb bb berapa kak
;Gimana caranya kak gue bb 100 kg 
;Aq ngikutin senam dr chanel ini
;sdm
;Eh maaf Ternyata mengurangi gorengan ya Tapi masih tetep makan gorengan kan Walapun sedikit
;Makanya normal aja kak Masih makan goreng goreng an juga
;Sekali kak
;Sehari olahraga berapa kali kak
;Anjiiirrrrr betul banget 
;memang susah untuk konsisten
;Sedih banget kok baru sadar bahwa timbangan nganan
;berarti diet itu susah
;Aq diet 3 bln turun 3 kg senengku dah bangetttt
;Caranya gimana
;Omg YaAlloh aku aja yg pengen turunin 25kilo aja susaaah bgt Semangat aku harus bisa kya mbaknya Bismillah Target BB permanen 50kg 
;Semangat ka Ayo diet bareng Ada no wa g ka biar bisa saling sharing
;Semangat ka Ayo bareng2 diet Ada no wa g ka biar kita bisa sharing
;Pertengahan tahun 2019 lalu memutuskan untuk merubah gaya hidup dari yang ga sehat jadi lebih sehat mulai dari subscribe channel ini dari BB 8082 kg sekarang 2020 64 kg bersyukur banget bisa konsisten selama setahun lebih dikit ini makasih ya udah jadi motivasi unutk diri aku
;Gmn carax kk
;Wow Semangatt Pngen juga bisa konsistennya
;Mbak Vindhyyyy
;Dance tiktok part 2 dong ka
;Turun segitu bnyk Setelah diet
;Klo di barengi dgn olah raga teratur InsyaAllah gak mbak
;Konsisten dan jangan bosen 
;Kak saat diet apakah boleh minum kopi hitam Dan bagaimana dengan gulanya
;Boleh kaktanpa gula
;Mba vindhiiii keren euyyy
;Aqu pun sama kak berat badan Qu 100
;Pagi harus ttp sarapan ka Ayo kita diet bareng ka Ada no wa g ka biar bisa saling sharing
;Maaf kak bantu jawab yah
;Semoga aku seperti ka vindi bisa turun berat badan
;Semangat kak Vhy Pasti bisa D
;Hi kak Aisya D
;Keren banget nih bener banget
;bener banget kak Ranay 
;Lingkungan berbanding terbalik dengan keteguhan mental Selamat ya sdh berhasil melewatinya
;Semangat ya kak
;Goals banget glow up nya  Mimin pengin
;Sama min aku jg pengin pake banget Biar sehat dan gak dikatain lg sm sodara2ku min Tiap mudik
;met pagi sobat diet q bb 2 blan yg llu 86 kg dan skrang mulai dah skitar kurang 2 blan nan dah turun bb 9 kg tp yg klihatan kcil bgian atas gimna ya sobat penge ngecilin bgian perut dan paha umur q hmpir kpala 4 dan dah ada 2 anak
;Perut = sit up
;Bru kenal kaka ini beberapa bulan ini grgr liat di ig trus suka scroll ignya deh
;Ig nya apa ya aku jugapengen diet
;Aamiiin Semangat kak Wy
;Sama banget mba aq jg pernah gagal diet 
;Yay Semangat kak Azza 
;memotivasi bangett
;Semangat ya Kak Hughes 
;Congratee1112 bu tedjo
;Yeay D
;Kak kipin keren
;Hi kak Putri
;trima kasiha atas inspirasinya aku sering nonton skawat fitnes dan aku melakukan olah raga HIt Wourt kout instrukturnya bak AJENG dn juga sering nonton diet ala ARTIS dri skwt
;terima kasih sdh membalas komentar sya
;Yay Semangat ya kak Sam 
;Assalamualaikum kak
;Waalaikumsalam Bantu jawab ya mbak
;Me iya mba aku juga iya mba iya bener banget Ya allah sama Ucapan aku setiap mba nya ngomong 1 kalimat 
;Hehe semangat ya kak Luthfiana 
;Mau nanya dong kalau jam 12 malam boleh minum air putih gak sih Apa itu bisa bikin gendut
;Hi kak
;air putih itu 0 kalori
;Uwuuuuu mbaa vindhyy
;Hi kak Lutvia
;Saya diet saya sayang diri sendiri tapi maag ga sayang trus saya makan dan nambah gemuk 
;semangat
;Haahhh sehari makan 7x 
;Huhu iya dulu
;Semangat yok Usaha gak akan menghianati hasil
;Kebalik ka hasil ngga akan menghianati usaha hasil itu adl bagaimana kita berusaha Mau hasil cepet usahanya maksimalin Hehe
;mantap
;Yok yok Bakar kalorinya kak Puput D
;Proud of you luvv  jan lupa tempe tepung nasi boncabe teri jam 12 malam wkwkw
;Ada dedek di sini
;Keliatan mudan bangett
;Semangad yokkk para pejuang hidup sehat inget yg pertama kali harus d ubah mindset kita
;yuk semangat yg lagi nurunin berat badan aku dulu jg kena bullying karena berat badan
;Sama aku juga udah di titik yg gak perduli mau di katain apa tapi aku tetap berusaha diet dan berharap banget bisa turun BB cuma kalau dari omongan orang aku gak perduli
;Selamat kak Vindi akhirnya sukses buat diet Aku jg lagi proses diet nih so far jalan sebulan turun 6 kilo Diet yg kulakukan bukan diet yg menyiksa yaa bener2 aku diet enjoy
;Woww hebat kak
; Ayolah mampir ke channelku
;Tb150 Bb62kg target turun 12kg semqngat wemoga berhasill
;Skrg gimana kak
;Tb 150 Bb49 Semangat untuk turun 5kg
;Sama bgt ky ak sayy
;Cara ngerespon orang yang suka bully  Kaya ada orang ngomong Kok ga ada ya orangnya
;Jawaban keren 
;Mantap
;Aku 2x pagi dan MLM biar nyenyak tidur sambil intermitten fasting yg 20/4dah pasti defisit kalori itu mah ttp dikontrol mikronutrien Karbo lemak protein yg kita santapga ad 2 Minggu udh turun 2 kg
;Karna pagi aku beberes rumah
;Ka buat tnggi bdan 165 berat yg ideal itu brp y dgn tinggi segitu
;Saya TB 167 berat badan 53 kak
;Sama kak ak juga pengen paha sma lengen sma perut lbih kecil lg
;Klo mau perut kecil olahraga aja kak Banyak kok tutorial buat ngecilin perut Klo mau yg lebih oke bikin otot perut sekalian aja kak
;Itu sdh sangat ideal kk
;Wahh motivatorku ini mahhh gak pelit bales chatt d DM
;Mbk mau dong di semangatin bisa japri aq Pgin bgt diet 085604067518
;Haloooo teman onlineku yang sabar nunggu balesan love you 
;Sudah 1 bulan lebih tiap pagi setel ini chanel utk senam seri aerobik yg 7hari Diulang2 asal rutin tiap hari meski 20 menitan Alhamdulillh berat badan mulai turun 7kg Walau juga di barengin juga pola makanan Semangatt pejuang sehat Yukkk
;Aku mau diettp hawanya kok laper mau mkan trsTrs gmn ini
;Waow bnran sayyy
;Wah 7 kg berapa lama kk Terua pola makannya gimana Share donk kak
;sy Uda turun 6kg
;Di iringi olah raga Saya punya instrktur senam dan teman senam Umurnya sudah 55 dan 61 tahun Yakin dalan diri pasti bisa
;Sama siskrn metabolisme di usia kt sekarang sdh jauh menurun makanya ssh bgt turun bb klw naik mah gampangttp aja diet sis utk hidup sehat InsyaAllah dg kesabaran nanti bs koq mencapai bb ideal
;Huhu bismillah lagii usaha buat diet bb ku 58 semoga bisa turun minimal 50 lah soal nyaa aku pendek jadi bb 58 tuh kayak keliatan bgt gendut nyaa Makasihh kak ngemotivasi aku bgt
;sama banget
;Tinggi bdan kmu berapa 
;Yakinlah
;Aku Udah turun 13 kilo Naik 3 kilo lagi Huhuuu
;Iya bener banget
;Saya 2019 januari bb 110kg sekrg 73kg Trus malah stag gk turun2 lagi Kasi solusi donk mbak
;ada cheating day g mbak
;Coba ke dr gizi kak Biasanya di rusakin dulu Baru mulai diet lagi
;Masyaa Alloh hebaaat
;ttep semangat pejuaang dieet pasti bisaaa
;Yupp pasti bisaaa ayooo berjuang bersama 
;Terharu bangt sama ceritanyaaa semangaat kakaakk
;Thank you Kak Mega  Semangat juga yaaa ka Mega
;Emg serbasaalah si gemuk di komen kurus di komen huhu buliying emg buat mental down bgt
;Kata Adinda 
;Smangat syang
;Intinya punya badan yang sedang2 aja tidak gemuk tidak kurus yang penting atur pola makan Jagan berlebihan dan olahraga juga biar sehat
;Jangan pikirin komentar orang karena kita ingin mengejar sehat dan fit bukan mengejar pujian orang lain Aku udah turun 15 kg dalam 5 bulan ketika cerita ke temen ditanggapinnya kok belum keliatan perubahannya Diriku yg dulu pasti putus asa banget ya ampun turun 15kg dibilang gak ada perubahan Tapi karena yang skrg aku udah motivasinya untuk menjaga tubuh yang sudah dikaruniakan Allah SWT jadinya santai aja dibilangin ky gitu Jawab aja yah kan masih berkilogram2 lagi baru jadi langsing makanya belom keliatan Yang penting sabar dan konsisten kalo motivasi kita untuk mendapat pujian pasti kezzel kalo udah usaha keras gak dipuji Tapi kalo motivasinya demi menghargai pemberian Allah ie tubuh dan kesehatan kita pasti bullyan dan komenan orang gak akan membuat kita putus asa Semangat yaaa
;Gara2 tik tok saya kenalll mbaknnya
;Yeay Halo kak Nancy
;Bismillahirrahmanirrahim smoga diet ku berhasil
;Aamiinn Semoga berhasil ya kak Ratna D
;Jempol nya mana pejuang Sehat^^ Bismillah Yukk sm berjuang
;Bismillah ya Allah pengen sehat
;Semangat
;Yuk bisa yuk
;Yeayy halo kak Mutia D
;Pola makan dan olahraga dalam 1 bulan lebih aq bisa turun 8 kg begitu ga kerja di rumah males gerak makan ga terkontrol dalam hitungan hari bisa naik 2 kg 
;Byk bgt ka sebulan 8kg Agenda diet mkn  olga nya apa aja kak
;Yuk pantengin terus SKWAD Fitness dan mulai 
;Yess tujuan utama nya untuk kesehatan  Yang lagi mengubah pola makan dan pola hidup semangatttt yukkkk Kita pasti bisa  
;Yup bener banget Yuk bisa yuk semangatt
;Semangat Bismillah yang mau diet
;Bb ku 54 tinggiku 162 harus nurunin nih kak  semenjak lockdown nih jadi embem
;Semangat kak Intan 
;Bismillah
;Aamiin yu semangat ka Kita bareng2 dietada no wa g ka biar kita bisa saling sharing atw jalin silahturahmi yg asik
;Aamiinn Semangat kak Yeni 
;Yuk semangat pejuang diet Semoga 2021 bisa kaya ka vindi
;Semoga tahun 2022 ini berat badan saya turun Amin
;Semangaaaaar terus bismillah
;Semangat FitSKWAD semuanyaa
;Pengen banget diet tapi kok susah ya ngejalaninya
;Yuk belajar bareng di SKWAD Fitness kak 
;Aku lagi berusaha BB awal 84 skrg baru 81 baru 1 bulan
;Semangat kak Lia
;Semangaat bunda Alby 
;Nyimak ah lg berjuang bgt nih spy lbh sehat lg
;Yeay Yuk pantengin terus SKWAD Fitness dan mulai 
;Seleb tiktok hyung
;Halo kak Septiajeng
;Makasih Hyung 
;Hadir n nyimak
;Aamiinn Semangat terus kak Alexa
;First komen
;Yeay halo first
